Question,Answer
What is an offer?,"A definite statement of the terms on which the offeror is willing to be bound, made with the intention that it becomes binding as soon as it is accepted."
What is an invitation to treat?,"An invitation for others to make offers, such as goods on display or most adverts. It cannot itself be accepted to form a contract."
What happened in Fisher v Bell [1961]?,"A shopkeeper displayed a flick knife in his window and was charged with 'offering for sale' a prohibited weapon. The display was only an invitation to treat, not an offer, so he was not guilty."
What happened in Pharmaceutical Society v Boots [1953]?,"Boots introduced self-service shelves for medicines that had to be sold under pharmacist supervision. Goods on shelves were an invitation to treat; the customer offered at the till and the pharmacist accepted there, so the law was complied with."
What happened in Carlill v Carbolic Smoke Ball Co [1893]?,"A company promised £100 to anyone who used its smoke ball and still caught flu, depositing £1,000 in a bank to show sincerity. The advert was a unilateral offer to the world, accepted by performing the conditions, so Mrs Carlill could claim."
What is the effect of a counter-offer? (Hyde v Wrench (1840)),"A counter-offer rejects and destroys the original offer. Wrench offered a farm for £1,000; Hyde offered £950, then tried to accept the £1,000 offer, but it no longer existed."
Is a request for information a counter-offer? (Stevenson v McLean (1880)),"No. Asking whether the offeror would accept delivery over varying times was just a request for information, so the original offer stayed open and could still be accepted."
What is the postal rule? (Adams v Lindsell (1818)),"Where post is a reasonable means of acceptance, acceptance is complete as soon as the letter is posted, even if it is delayed or lost."
When is acceptance by instantaneous communication effective? (Entores v Miles Far East [1955]),"When it is received by the offeror. For telex (and similar instant methods), the contract is formed where and when the acceptance is received."
Can silence amount to acceptance? (Felthouse v Bindley (1862)),"No. An uncle said he would treat his nephew's silence as acceptance of an offer to buy a horse; the offeror cannot impose silence as acceptance, so there was no contract."
When does revocation of an offer take effect? (Byrne v Van Tienhoven (1880)),"Only when it is actually communicated to the offeree. The postal rule does not apply to revocations, so an acceptance sent before a revocation arrived formed a contract."
How are 'battle of the forms' disputes resolved? (Butler Machine Tool v Ex-Cell-O [1979]),"Usually by the 'last shot' approach: each new set of standard terms is a counter-offer, and the contract is on the terms of the last form sent before performance or acceptance."
What presumption about intention applies to domestic agreements? (Balfour v Balfour [1919]),"Agreements between spouses living together are presumed not to be intended to create legal relations. Mr Balfour's promise of a monthly allowance to his wife was therefore unenforceable."
How can the domestic presumption be rebutted? (Merritt v Merritt [1970]),"By evidence of intention, such as a written agreement between separated spouses. A husband's signed promise to transfer the house to his wife after they separated was enforceable."
